Gate,Arr/Dep,ERJ,A220,A321 Neo,737,757,767,A330,A350,NULL,Total
A1,ARR,0,427,41,1177,0,0,0,0,0,1645
A1,DEP,0,427,41,1176,0,0,0,0,0,1644
A2,ARR,289,315,495,739,0,0,0,0,0,1838
A2,DEP,290,316,502,744,0,0,0,0,0,1852
A3,ARR,184,161,239,307,206,1,163,238,8,1507
A3,DEP,184,165,246,316,208,0,183,237,9,1548
A4/A4A,ARR,80,81,109,141,113,0,210,0,0,734
A4/A4A,DEP,80,78,108,145,113,0,226,0,0,750
A5,ARR,239,184,243,409,262,0,0,0,3,1340
A5,DEP,239,186,250,406,268,0,0,0,3,1352
A6,ARR,43,1,15,15,0,0,0,0,0,74
A6,DEP,51,1,16,15,0,0,0,0,0,83
A6A,ARR,1066,0,0,0,0,0,0,0,6,1072
A6A,DEP,1044,0,0,0,0,0,0,0,6,1050
A7,ARR,1074,0,0,0,0,0,0,0,7,1081
A7,DEP,1064,0,0,0,0,0,0,0,7,1071
A8/A8A,ARR,226,146,199,270,28,6,4,0,8,887
A8/A8A,DEP,225,139,204,263,25,5,4,0,7,872
A9,ARR,12,99,101,112,25,0,0,0,1,350
A9,DEP,11,103,112,118,26,0,0,0,0,370
A10/A10A,ARR,105,93,143,145,107,1,109,155,1,859
A10/A10A,DEP,106,99,145,150,107,2,97,155,3,864
A11/A11A,ARR,297,283,440,585,28,0,57,0,4,1694
A11/A11A,DEP,295,291,440,583,26,0,58,0,1,1694
A12,ARR,0,468,788,925,2,0,105,90,1,2379
A12,DEP,2,450,770,932,3,0,100,96,0,2353
A12A,ARR,259,0,0,0,0,0,0,0,1,260
A12A,DEP,256,0,0,0,0,0,0,0,1,257
A12B,ARR,261,0,0,0,0,0,0,0,0,261
A12B,DEP,262,0,0,0,0,0,0,0,0,262
A13/A13A,ARR,217,207,228,397,395,0,31,31,0,1506
A13/A13A,DEP,216,207,223,403,384,0,73,36,1,1543
A14,ARR,347,279,398,478,0,0,0,0,1,1503
A14,DEP,347,277,390,486,0,0,0,0,1,1501
A20,ARR,0,0,0,0,0,0,0,0,0,0
A20,DEP,1,0,0,0,0,0,0,0,0,1
A21,ARR,0,0,0,0,0,0,0,0,0,0
A21,DEP,1,0,0,0,0,0,0,0,0,1
B1,ARR,386,282,375,523,164,0,0,0,4,1734
B1,DEP,382,278,379,534,169,0,0,0,4,1746
B3,ARR,543,319,450,622,0,0,0,0,3,1937
B3,DEP,542,319,464,617,0,0,0,0,3,1945
B4,ARR,1969,0,0,0,0,0,0,0,16,1985
B4,DEP,1972,0,0,0,0,0,0,0,16,1988
B5,ARR,842,520,13,507,0,0,0,0,4,1886
B5,DEP,837,526,13,516,0,0,0,0,4,1896
B5A,ARR,2082,0,0,0,0,0,0,0,15,2097
B5A,DEP,2072,0,0,0,0,0,0,0,15,2087
B6,ARR,579,318,355,532,0,0,0,0,7,1791
B6,DEP,576,316,361,537,0,0,0,0,8,1798
B7/B7A/B7B,ARR,528,338,469,599,0,0,0,0,4,1938
B7/B7A/B7B,DEP,528,346,475,610,0,0,0,0,3,1962
B8,ARR,626,488,10,489,0,0,0,0,9,1622
B8,DEP,631,477,11,487,0,0,0,0,9,1615
B11,ARR,0,0,0,1,0,0,0,0,0,1
B11,DEP,0,0,0,0,0,0,0,0,0,0
B14,ARR,33,14,0,7,0,0,0,0,1,55
B14,DEP,32,10,0,5,0,0,0,0,1,48
B15,ARR,0,0,1,0,0,0,0,0,0,1
B15,DEP,0,0,0,0,0,0,0,0,0,0
D5,ARR,1,0,0,0,0,0,0,0,0,1
D5,DEP,0,0,0,0,0,0,0,0,0,0
D9,ARR,1,0,0,0,0,0,0,0,0,1
D9,DEP,0,0,0,0,0,0,0,0,0,0
D13,ARR,2,0,0,0,0,0,0,0,0,2
D13,DEP,0,0,0,0,0,0,0,0,0,0
S1/S1B,ARR,215,33,20,42,0,0,72,0,1,383
S1/S1B,DEP,216,32,15,38,0,0,79,0,2,382
S2,ARR,212,22,24,40,0,0,0,0,2,300
S2,DEP,210,23,26,35,0,0,0,0,2,296
S3/S3A,ARR,153,23,18,31,0,0,0,0,1,226
S3/S3A,DEP,152,23,15,26,0,0,0,0,1,217
S4/S4A,ARR,121,23,24,32,1,0,2,0,1,204
S4/S4A,DEP,123,25,21,34,1,0,2,0,0,206
S5,ARR,30,4,21,13,0,0,0,0,0,68
S5,DEP,32,3,15,11,0,0,0,0,0,61
S6/S6A,ARR,193,44,37,67,0,0,0,0,2,343
S6/S6A,DEP,191,44,36,62,0,0,0,0,3,336
S7/S7A,ARR,248,104,95,168,2,0,54,0,1,672
S7/S7A,DEP,251,109,103,154,2,0,44,0,1,664
S8/S8A,ARR,129,23,27,41,1,1,2,0,0,224
S8/S8A,DEP,127,25,23,32,1,1,2,0,0,211
S9/S9A/S9B,ARR,125,28,58,35,0,0,45,25,0,316
S9/S9A/S9B,DEP,126,30,49,37,2,1,34,26,0,305
S10/S10A,ARR,46,11,22,14,3,0,44,20,0,160
S10/S10A,DEP,47,12,22,12,1,0,29,20,0,143
S11,ARR,36,9,7,7,1,1,47,53,0,161
S11,DEP,36,9,8,7,1,1,30,52,2,146
S12,ARR,31,7,8,15,2,1,44,80,2,190
S12,DEP,30,7,6,13,2,1,33,77,1,170
S15,ARR,25,4,7,11,1,1,34,85,1,169
S15,DEP,25,4,5,11,1,1,33,79,1,160
S16,ARR,10,4,5,12,0,0,22,87,2,142
S16,DEP,10,5,4,10,0,0,19,84,0,132
