Gate,concourse,departures,avg_departures_per_day,widebody_departures,hardest_family,units_for_hardest_family,units_covering_all_types,models_covering_all_types
A1,A,1644,6.8,0,A220,23,23,AP-8950; AP-8950SDB-AL; CHALLENGER 150; CHALLENGER 150E; CHALLENGER 280; CHALLENGER 280E; CHALLENGER 430; GT-110; GT-50H
A2,A,1852,7.6,0,ERJ,19,17,AP-8950; AP-8950SDB-AL; CHALLENGER 150; CHALLENGER 150E; CHALLENGER 280; CHALLENGER 280E; GT-50H
A3,A,1548,6.4,420,A350,6,0,
A4,A,653,2.7,226,A330,10,4,CHALLENGER 280
A4A,A,97,0.4,0,757,18,12,AP-8950; AP-8950SDB-AL; CHALLENGER 280; CHALLENGER 280E
A5,A,1352,5.6,0,757,18,12,AP-8950; AP-8950SDB-AL; CHALLENGER 280; CHALLENGER 280E
A6,A,83,0.3,0,ERJ,19,17,AP-8950; AP-8950SDB-AL; CHALLENGER 150; CHALLENGER 150E; CHALLENGER 280; CHALLENGER 280E; GT-50H
A6A,A,1050,4.3,0,ERJ,19,19,AP-8850SDA-AL-100/50; AP-8950; AP-8950SDB-AL; CHALLENGER 150; CHALLENGER 150E; CHALLENGER 280; CHALLENGER 280E; GT-50H
A7,A,1071,4.4,0,ERJ,19,19,AP-8850SDA-AL-100/50; AP-8950; AP-8950SDB-AL; CHALLENGER 150; CHALLENGER 150E; CHALLENGER 280; CHALLENGER 280E; GT-50H
A8,A,648,2.7,9,A330,10,4,CHALLENGER 280
A8A,A,224,0.9,0,ERJ,19,17,AP-8950; AP-8950SDB-AL; CHALLENGER 150; CHALLENGER 150E; CHALLENGER 280; CHALLENGER 280E; GT-50H
A9,A,370,1.5,0,757,18,12,AP-8950; AP-8950SDB-AL; CHALLENGER 280; CHALLENGER 280E
A10,A,758,3.1,254,A350,6,6,CHALLENGER 430; GT-110
A10A,A,106,0.4,0,ERJ,19,19,AP-8850SDA-AL-100/50; AP-8950; AP-8950SDB-AL; CHALLENGER 150; CHALLENGER 150E; CHALLENGER 280; CHALLENGER 280E; GT-50H
A11,A,1398,5.8,58,A330,10,10,CHALLENGER 280; CHALLENGER 430; GT-110
A11A,A,296,1.2,0,ERJ,19,19,AP-8850SDA-AL-100/50; AP-8950; AP-8950SDB-AL; CHALLENGER 150; CHALLENGER 150E; CHALLENGER 280; CHALLENGER 280E; GT-50H
A12,A,2353,9.7,196,A350,6,0,
A12A,A,257,1.1,0,ERJ,19,19,AP-8850SDA-AL-100/50; AP-8950; AP-8950SDB-AL; CHALLENGER 150; CHALLENGER 150E; CHALLENGER 280; CHALLENGER 280E; GT-50H
A12B,A,262,1.1,0,ERJ,19,19,AP-8850SDA-AL-100/50; AP-8950; AP-8950SDB-AL; CHALLENGER 150; CHALLENGER 150E; CHALLENGER 280; CHALLENGER 280E; GT-50H
A13,A,1329,5.5,109,A350,6,0,
A13A,A,214,0.9,0,ERJ,19,19,AP-8850SDA-AL-100/50; AP-8950; AP-8950SDB-AL; CHALLENGER 150; CHALLENGER 150E; CHALLENGER 280; CHALLENGER 280E; GT-50H
A14,A,1501,6.2,0,ERJ,19,17,AP-8950; AP-8950SDB-AL; CHALLENGER 150; CHALLENGER 150E; CHALLENGER 280; CHALLENGER 280E; GT-50H
A20,A,1,0.0,0,ERJ,19,19,AP-8850SDA-AL-100/50; AP-8950; AP-8950SDB-AL; CHALLENGER 150; CHALLENGER 150E; CHALLENGER 280; CHALLENGER 280E; GT-50H
A21,A,1,0.0,0,ERJ,19,19,AP-8850SDA-AL-100/50; AP-8950; AP-8950SDB-AL; CHALLENGER 150; CHALLENGER 150E; CHALLENGER 280; CHALLENGER 280E; GT-50H
B1,B,1746,7.2,0,757,18,12,AP-8950; AP-8950SDB-AL; CHALLENGER 280; CHALLENGER 280E
B3,B,1945,8.0,0,ERJ,19,17,AP-8950; AP-8950SDB-AL; CHALLENGER 150; CHALLENGER 150E; CHALLENGER 280; CHALLENGER 280E; GT-50H
B4,B,1988,8.2,0,ERJ,19,19,AP-8850SDA-AL-100/50; AP-8950; AP-8950SDB-AL; CHALLENGER 150; CHALLENGER 150E; CHALLENGER 280; CHALLENGER 280E; GT-50H
B5,B,1896,7.8,0,ERJ,19,17,AP-8950; AP-8950SDB-AL; CHALLENGER 150; CHALLENGER 150E; CHALLENGER 280; CHALLENGER 280E; GT-50H
B5A,B,2087,8.6,0,ERJ,19,19,AP-8850SDA-AL-100/50; AP-8950; AP-8950SDB-AL; CHALLENGER 150; CHALLENGER 150E; CHALLENGER 280; CHALLENGER 280E; GT-50H
B6,B,1798,7.4,0,ERJ,19,17,AP-8950; AP-8950SDB-AL; CHALLENGER 150; CHALLENGER 150E; CHALLENGER 280; CHALLENGER 280E; GT-50H
B7,B,1425,5.9,0,ERJ,19,17,AP-8950; AP-8950SDB-AL; CHALLENGER 150; CHALLENGER 150E; CHALLENGER 280; CHALLENGER 280E; GT-50H
B7A,B,1,0.0,0,737,23,23,AP-8950; AP-8950SDB-AL; CHALLENGER 150; CHALLENGER 150E; CHALLENGER 280; CHALLENGER 280E; CHALLENGER 430; GT-110; GT-50H
B7B,B,536,2.2,0,ERJ,19,17,AP-8950; AP-8950SDB-AL; CHALLENGER 150; CHALLENGER 150E; CHALLENGER 280; CHALLENGER 280E; GT-50H
B8,B,1615,6.6,0,ERJ,19,17,AP-8950; AP-8950SDB-AL; CHALLENGER 150; CHALLENGER 150E; CHALLENGER 280; CHALLENGER 280E; GT-50H
B14,B,48,0.2,0,ERJ,19,17,AP-8950; AP-8950SDB-AL; CHALLENGER 150; CHALLENGER 150E; CHALLENGER 280; CHALLENGER 280E; GT-50H
S1,S,170,0.7,79,A330,10,4,CHALLENGER 280
S1B,S,212,0.9,0,ERJ,19,19,AP-8850SDA-AL-100/50; AP-8950; AP-8950SDB-AL; CHALLENGER 150; CHALLENGER 150E; CHALLENGER 280; CHALLENGER 280E; GT-50H
S2,S,296,1.2,0,ERJ,19,17,AP-8950; AP-8950SDB-AL; CHALLENGER 150; CHALLENGER 150E; CHALLENGER 280; CHALLENGER 280E; GT-50H
S3,S,76,0.3,0,ERJ,19,17,AP-8950; AP-8950SDB-AL; CHALLENGER 150; CHALLENGER 150E; CHALLENGER 280; CHALLENGER 280E; GT-50H
S3A,S,141,0.6,0,ERJ,19,19,AP-8850SDA-AL-100/50; AP-8950; AP-8950SDB-AL; CHALLENGER 150; CHALLENGER 150E; CHALLENGER 280; CHALLENGER 280E; GT-50H
S4,S,89,0.4,2,A330,10,4,CHALLENGER 280
S4A,S,117,0.5,0,ERJ,19,17,AP-8950; AP-8950SDB-AL; CHALLENGER 150; CHALLENGER 150E; CHALLENGER 280; CHALLENGER 280E; GT-50H
S5,S,61,0.3,0,ERJ,19,17,AP-8950; AP-8950SDB-AL; CHALLENGER 150; CHALLENGER 150E; CHALLENGER 280; CHALLENGER 280E; GT-50H
S6,S,148,0.6,0,ERJ,19,17,AP-8950; AP-8950SDB-AL; CHALLENGER 150; CHALLENGER 150E; CHALLENGER 280; CHALLENGER 280E; GT-50H
S6A,S,188,0.8,0,ERJ,19,17,AP-8950; AP-8950SDB-AL; CHALLENGER 150; CHALLENGER 150E; CHALLENGER 280; CHALLENGER 280E; GT-50H
S7,S,410,1.7,44,A330,10,4,CHALLENGER 280
S7A,S,254,1.0,0,ERJ,19,17,AP-8950; AP-8950SDB-AL; CHALLENGER 150; CHALLENGER 150E; CHALLENGER 280; CHALLENGER 280E; GT-50H
S8,S,94,0.4,3,A330,10,4,CHALLENGER 280
S8A,S,117,0.5,0,ERJ,19,17,AP-8950; AP-8950SDB-AL; CHALLENGER 150; CHALLENGER 150E; CHALLENGER 280; CHALLENGER 280E; GT-50H
S9,S,134,0.6,61,A350,6,0,
S9A,S,103,0.4,0,ERJ,19,17,AP-8950; AP-8950SDB-AL; CHALLENGER 150; CHALLENGER 150E; CHALLENGER 280; CHALLENGER 280E; GT-50H
S9B,S,68,0.3,0,ERJ,19,17,AP-8950; AP-8950SDB-AL; CHALLENGER 150; CHALLENGER 150E; CHALLENGER 280; CHALLENGER 280E; GT-50H
S10,S,96,0.4,49,A350,6,6,CHALLENGER 430; GT-110
S10A,S,47,0.2,0,ERJ,19,19,AP-8850SDA-AL-100/50; AP-8950; AP-8950SDB-AL; CHALLENGER 150; CHALLENGER 150E; CHALLENGER 280; CHALLENGER 280E; GT-50H
S11,S,146,0.6,83,A350,6,0,
S12,S,170,0.7,111,A350,6,0,
S15,S,160,0.7,113,A350,6,0,
S16,S,132,0.5,103,A350,6,0,
