model_name,aircraft_type
AP-8850SDA-AL-100/50,EA4
AP-8850SDA-AL-100/50,EMW
AP-8850SDA-AL-100/50,ES4
AP-8850SDA-AL-100/50,ES5
AP-8950,EA4
AP-8950,EMW
AP-8950,ES4
AP-8950,ES5
AP-8950,221
AP-8950,223
AP-8950,319
AP-8950,321
AP-8950,738
AP-8950,739
AP-8950,73J
AP-8950,73R
AP-8950,3N1
AP-8950,3NE
AP-8950,3NP
AP-8950,75D
AP-8950,75G
AP-8950,75H
AP-8950,75S
AP-8950,75Y
AP-8950SDB-AL,EA4
AP-8950SDB-AL,EMW
AP-8950SDB-AL,ES4
AP-8950SDB-AL,ES5
AP-8950SDB-AL,221
AP-8950SDB-AL,223
AP-8950SDB-AL,319
AP-8950SDB-AL,321
AP-8950SDB-AL,738
AP-8950SDB-AL,739
AP-8950SDB-AL,73J
AP-8950SDB-AL,73R
AP-8950SDB-AL,3N1
AP-8950SDB-AL,3NE
AP-8950SDB-AL,3NP
AP-8950SDB-AL,75D
AP-8950SDB-AL,75G
AP-8950SDB-AL,75H
AP-8950SDB-AL,75S
AP-8950SDB-AL,75Y
CHALLENGER 150,EA4
CHALLENGER 150,EMW
CHALLENGER 150,ES4
CHALLENGER 150,ES5
CHALLENGER 150,221
CHALLENGER 150,223
CHALLENGER 150,319
CHALLENGER 150,321
CHALLENGER 150,738
CHALLENGER 150,739
CHALLENGER 150,73J
CHALLENGER 150,73R
CHALLENGER 150,3N1
CHALLENGER 150,3NE
CHALLENGER 150,3NP
CHALLENGER 150E,EA4
CHALLENGER 150E,EMW
CHALLENGER 150E,ES4
CHALLENGER 150E,ES5
CHALLENGER 150E,221
CHALLENGER 150E,223
CHALLENGER 150E,319
CHALLENGER 150E,321
CHALLENGER 150E,738
CHALLENGER 150E,739
CHALLENGER 150E,73J
CHALLENGER 150E,73R
CHALLENGER 150E,3N1
CHALLENGER 150E,3NE
CHALLENGER 150E,3NP
CHALLENGER 280,EA4
CHALLENGER 280,EMW
CHALLENGER 280,ES4
CHALLENGER 280,ES5
CHALLENGER 280,221
CHALLENGER 280,223
CHALLENGER 280,319
CHALLENGER 280,321
CHALLENGER 280,738
CHALLENGER 280,739
CHALLENGER 280,73J
CHALLENGER 280,73R
CHALLENGER 280,3N1
CHALLENGER 280,3NE
CHALLENGER 280,3NP
CHALLENGER 280,75D
CHALLENGER 280,75G
CHALLENGER 280,75H
CHALLENGER 280,75S
CHALLENGER 280,75Y
CHALLENGER 280,332
CHALLENGER 280,333
CHALLENGER 280,339
CHALLENGER 280,764
CHALLENGER 280,76K
CHALLENGER 280,76L
CHALLENGER 280E,EA4
CHALLENGER 280E,EMW
CHALLENGER 280E,ES4
CHALLENGER 280E,ES5
CHALLENGER 280E,221
CHALLENGER 280E,223
CHALLENGER 280E,319
CHALLENGER 280E,321
CHALLENGER 280E,738
CHALLENGER 280E,739
CHALLENGER 280E,73J
CHALLENGER 280E,73R
CHALLENGER 280E,3N1
CHALLENGER 280E,3NE
CHALLENGER 280E,3NP
CHALLENGER 280E,75D
CHALLENGER 280E,75G
CHALLENGER 280E,75H
CHALLENGER 280E,75S
CHALLENGER 280E,75Y
CHALLENGER 280E,764
CHALLENGER 280E,76K
CHALLENGER 280E,76L
CHALLENGER 430,221
CHALLENGER 430,223
CHALLENGER 430,319
CHALLENGER 430,321
CHALLENGER 430,738
CHALLENGER 430,739
CHALLENGER 430,73J
CHALLENGER 430,73R
CHALLENGER 430,3N1
CHALLENGER 430,3NE
CHALLENGER 430,3NP
CHALLENGER 430,75D
CHALLENGER 430,75G
CHALLENGER 430,75H
CHALLENGER 430,75S
CHALLENGER 430,75Y
CHALLENGER 430,764
CHALLENGER 430,76K
CHALLENGER 430,76L
CHALLENGER 430,332
CHALLENGER 430,333
CHALLENGER 430,339
CHALLENGER 430,359
CHALLENGER 430,35H
CHALLENGER 430,35J
CHALLENGER 430,35M
GT-110,221
GT-110,223
GT-110,319
GT-110,321
GT-110,738
GT-110,739
GT-110,73J
GT-110,73R
GT-110,3N1
GT-110,3NE
GT-110,3NP
GT-110,75D
GT-110,75G
GT-110,75H
GT-110,75S
GT-110,75Y
GT-110,764
GT-110,76K
GT-110,76L
GT-110,332
GT-110,333
GT-110,339
GT-110,359
GT-110,35H
GT-110,35J
GT-110,35M
GT-50H,EA4
GT-50H,EMW
GT-50H,ES4
GT-50H,ES5
GT-50H,221
GT-50H,223
GT-50H,319
GT-50H,321
GT-50H,738
GT-50H,739
GT-50H,73J
GT-50H,73R
GT-50H,3N1
GT-50H,3NE
GT-50H,3NP
