asset_number,model_name
R0270911,AP-8850SDA-AL-100/50
R0270912,AP-8850SDA-AL-100/50
R0271417,AP-8950
R0271418,AP-8950
R0271001,AP-8950SDB-AL
R0271002,AP-8950SDB-AL
R0270909,CHALLENGER 150
R0270987,CHALLENGER 150
R0271346,CHALLENGER 150E
R0270979,CHALLENGER 280
R0270991,CHALLENGER 280
R0271111,CHALLENGER 280
R0271141,CHALLENGER 280
R0271352,CHALLENGER 280E
R0271353,CHALLENGER 280E
R0271378,CHALLENGER 280E
R0271379,CHALLENGER 280E
R0271370,CHALLENGER 430
R0271371,CHALLENGER 430
L0027319,GT-110
L0027354,GT-110
R0270342,GT-110
R0270500,GT-110
L0027359,GT-50H
R0270524,GT-50H
