hour,ERJ avg,ERJ peak,A220 avg,A220 peak,A321 Neo avg,A321 Neo peak,737 avg,737 peak,757 avg,757 peak,767 avg,767 peak,A330 avg,A330 peak,A350 avg,A350 peak,All avg,All peak
0,0.0,0,0.0,0,0.0,0,0.0,1,0.0,0,0.0,0,0.0,0,0.0,0,0.0,1
1,0.0,0,0.0,0,0.0,0,0.0,0,0.0,0,0.0,0,0.0,0,0.0,0,0.0,0
2,0.0,0,0.0,0,0.0,0,0.0,0,0.0,0,0.0,0,0.0,0,0.0,0,0.0,0
3,0.0,0,0.0,0,0.0,0,0.0,0,0.0,0,0.0,0,0.0,0,0.0,0,0.0,0
4,0.0,0,0.0,0,0.0,0,0.0,0,0.0,0,0.0,0,0.0,0,0.0,0,0.0,0
5,0.0,0,0.0,0,0.6,1,0.4,1,0.5,1,0.0,0,0.0,0,0.0,0,1.5,2
6,0.0,0,0.0,0,0.6,1,1.3,2,0.5,1,0.0,0,0.0,1,0.0,0,2.5,4
7,3.6,4,3.0,4,4.7,6,3.9,5,1.1,2,0.0,1,0.0,1,0.0,0,16.2,19
8,4.0,5,0.5,1,2.1,3,1.2,3,0.5,1,0.0,1,0.0,0,0.0,0,8.3,11
9,5.0,7,3.3,6,0.2,2,4.5,7,0.1,1,0.0,0,0.0,0,0.0,0,13.1,16
10,2.9,4,1.5,3,0.0,1,2.4,5,0.0,0,0.0,0,0.3,1,0.3,1,7.4,10
11,4.2,6,2.4,4,1.8,4,4.6,7,0.9,2,0.0,1,0.1,1,1.0,1,15.0,17
12,1.3,2,0.1,1,1.9,4,1.3,3,0.1,1,0.0,0,0.0,0,0.1,1,4.7,8
13,4.3,5,1.3,2,2.0,4,1.8,3,0.1,1,0.0,0,0.7,2,0.6,1,10.9,13
14,3.5,6,0.0,1,1.4,3,0.9,2,0.7,1,0.0,1,0.4,2,0.0,0,6.9,12
15,5.2,9,1.3,3,1.0,3,3.1,6,0.4,1,0.0,1,0.5,1,0.5,1,12.0,17
16,1.3,2,0.4,1,1.4,3,2.2,4,0.0,1,0.0,0,0.3,1,1.1,2,6.7,11
17,4.9,8,3.2,5,0.3,2,3.7,6,0.0,1,0.0,1,0.7,1,0.0,1,12.7,16
18,1.0,2,0.2,2,0.3,1,1.0,2,0.0,0,0.0,0,0.6,1,0.0,0,3.1,7
19,6.2,8,1.7,4,0.0,1,2.8,6,0.0,0,0.0,0,0.0,0,0.0,0,10.7,17
20,1.8,4,0.7,3,0.0,1,1.3,2,0.0,0,0.0,0,0.0,0,0.0,0,3.8,7
21,4.8,7,1.9,4,0.6,2,1.6,3,0.0,1,0.0,0,0.5,1,0.0,0,9.4,12
22,2.5,4,0.7,2,1.4,2,0.4,5,0.0,0,0.0,0,0.1,1,0.0,0,5.2,8
23,0.3,1,0.0,0,2.4,4,0.9,2,0.5,2,0.0,0,0.0,0,0.0,0,4.1,5
