Gate,jobs,jobs_per_day,% ERJ,% A220,% A321 Neo,% 737,% 757,% 767,% A330,% A350,% NULL
A6A,1062,4.4,99%,,,,,,,,1%
A7,1066,4.4,99%,,,,,,,,1%
A8/A8A,910,3.7,26%,16%,23%,30%,3%,1%,<1%,,1%
A9,400,1.6,3%,28%,30%,32%,7%,,,,
A10/A10A,924,3.8,12%,11%,17%,17%,12%,<1%,11%,18%,<1%
A20,2,0.0,100%,,,,,,,,
A21,2,0.0,100%,,,,,,,,
B14,47,0.2,67%,21%,,10%,,,,,2%
S1/S1B,423,1.7,57%,8%,4%,10%,,,21%,,1%
S2,307,1.3,71%,8%,9%,12%,,,,,1%
S3/S3A,224,0.9,70%,11%,7%,12%,,,,,<1%
S4/S4A,217,0.9,60%,12%,10%,17%,<1%,,1%,,
S5,65,0.3,52%,5%,25%,18%,,,,,
S6/S6A,342,1.4,57%,13%,11%,18%,,,,,1%
S7/S7A,710,2.9,38%,16%,16%,23%,<1%,,7%,,<1%
S8/S8A,220,0.9,60%,12%,11%,15%,<1%,<1%,1%,,
S9/S9A/S9B,332,1.4,41%,10%,16%,12%,1%,<1%,11%,9%,
S10/S10A,153,0.6,33%,8%,15%,8%,1%,,20%,14%,
S11,156,0.6,25%,6%,5%,5%,1%,1%,21%,36%,1%
S12,174,0.7,18%,4%,4%,8%,1%,1%,19%,45%,1%
S15,165,0.7,16%,2%,3%,7%,1%,1%,21%,49%,1%
S16,137,0.6,8%,4%,3%,8%,,,14%,64%,
