time,families,jobs,pool_tractors,all_pool_jobs_in_progress
2026-01-05 15:30,ERJ,3,2,4
2026-01-05 15:35,ERJ,3,2,4
2026-01-06 15:30,ERJ,3,2,4
2026-01-06 15:35,ERJ,3,2,4
2026-01-06 15:40,ERJ,3,2,4
2026-01-07 09:40,ERJ,3,2,5
2026-01-07 09:45,ERJ,3,2,5
2026-01-08 09:35,ERJ,3,2,3
2026-01-08 09:40,ERJ,4,2,4
2026-01-08 09:45,ERJ,4,2,4
2026-01-08 15:30,ERJ,4,2,5
2026-01-08 15:35,ERJ,4,2,5
2026-01-08 15:40,ERJ,3,2,4
2026-01-09 15:30,ERJ,3,2,4
2026-01-09 15:35,ERJ,3,2,4
2026-01-09 15:40,ERJ,3,2,4
2026-01-13 15:30,ERJ,3,2,6
2026-01-13 15:35,ERJ,3,2,6
2026-01-13 19:45,ERJ,3,2,3
2026-01-13 19:50,ERJ,4,2,4
2026-01-13 19:55,ERJ,4,2,4
2026-01-13 20:00,ERJ,4,2,4
2026-01-14 19:50,ERJ,3,2,4
2026-01-14 19:55,ERJ,3,2,3
2026-01-14 20:00,ERJ,3,2,3
2026-01-15 07:25,"ERJ, A220, A321 Neo, 737",6,5,6
2026-01-17 09:40,ERJ,4,2,4
2026-01-17 09:45,ERJ,4,2,4
2026-01-18 09:35,ERJ,3,2,5
2026-01-18 09:40,ERJ,3,2,4
2026-01-18 09:45,ERJ,3,2,4
2026-01-19 15:30,ERJ,3,2,4
2026-01-19 15:35,ERJ,3,2,4
2026-01-19 19:45,ERJ,3,2,3
2026-01-19 19:50,ERJ,3,2,3
2026-01-19 19:55,ERJ,3,2,4
2026-01-19 20:00,ERJ,3,2,4
2026-01-20 07:20,"ERJ, A220, A321 Neo, 737",6,5,6
2026-01-20 07:25,"ERJ, A220, A321 Neo, 737",7,5,7
2026-01-20 09:40,ERJ,3,2,4
2026-01-20 09:45,ERJ,3,2,4
2026-01-20 15:30,"ERJ, 737, A330, A350",7,5,7
2026-01-20 15:35,ERJ,3,2,6
2026-01-20 19:50,ERJ,3,2,4
2026-01-20 19:55,ERJ,3,2,4
2026-01-20 20:00,ERJ,3,2,3
2026-01-21 15:30,ERJ,3,2,6
2026-01-21 15:35,ERJ,3,2,5
2026-01-21 15:40,ERJ,3,2,4
2026-01-21 19:45,ERJ,3,2,3
2026-01-22 15:25,ERJ,4,2,4
2026-01-22 15:30,ERJ,4,2,5
2026-01-22 15:35,ERJ,3,2,4
2026-01-23 09:35,ERJ,3,2,4
2026-01-23 09:40,ERJ,4,2,4
2026-01-23 09:45,ERJ,5,2,5
2026-01-23 09:50,ERJ,3,2,3
2026-01-24 15:30,"ERJ, A220, 737, A330, A350",6,5,6
2026-01-24 15:35,"ERJ, A220, 737, A330, A350",6,5,6
2026-01-27 09:45,ERJ,3,2,3
2026-01-28 15:30,ERJ,3,2,4
2026-01-28 15:35,ERJ,3,2,4
2026-01-28 15:40,ERJ,3,2,4
2026-01-29 07:20,"ERJ, A220, A321 Neo, 737",6,5,6
2026-01-29 09:40,ERJ,3,2,3
2026-01-29 09:45,ERJ,4,2,5
2026-01-29 09:50,ERJ,3,2,4
2026-01-29 09:55,ERJ,3,2,4
2026-01-29 15:25,ERJ,3,2,5
2026-01-29 15:30,ERJ,4,2,7
2026-01-29 15:35,ERJ,4,2,7
2026-01-29 15:40,ERJ,3,2,4
2026-01-29 19:45,ERJ,4,2,4
2026-01-29 19:50,ERJ,3,2,3
2026-01-29 19:55,ERJ,3,2,4
2026-01-29 20:00,ERJ,3,2,4
2026-01-30 15:30,ERJ,3,2,6
2026-01-30 15:35,ERJ,3,2,6
2026-01-30 15:40,ERJ,3,2,4
2026-02-02 07:20,"ERJ, A220, A321 Neo, 737",6,5,6
2026-02-02 07:25,"ERJ, A220, A321 Neo, 737",6,5,6
2026-02-02 09:40,ERJ,4,2,5
2026-02-02 09:45,ERJ,3,2,4
2026-02-05 13:45,ERJ,3,2,3
2026-02-05 13:50,ERJ,3,2,3
2026-02-05 13:55,ERJ,3,2,3
2026-02-05 15:30,ERJ,3,2,3
2026-02-06 09:45,ERJ,3,2,5
2026-02-07 09:40,ERJ,3,2,4
2026-02-07 09:45,ERJ,3,2,4
2026-02-08 09:40,ERJ,3,2,3
2026-02-08 09:45,ERJ,3,2,4
2026-02-10 15:25,ERJ,3,2,5
2026-02-10 15:30,ERJ,3,2,5
2026-02-11 09:40,ERJ,3,2,3
2026-02-11 09:45,ERJ,3,2,3
2026-02-11 09:50,ERJ,3,2,3
2026-02-11 09:55,ERJ,3,2,4
2026-02-11 15:30,ERJ,3,2,4
2026-02-12 09:35,ERJ,3,2,3
2026-02-12 09:40,ERJ,3,2,3
2026-02-18 15:30,ERJ,3,2,4
2026-02-18 19:55,ERJ,3,2,3
2026-02-18 20:00,ERJ,3,2,3
2026-02-19 07:25,"A220, A321 Neo, 737",6,5,6
2026-02-21 11:35,ERJ,3,2,5
2026-02-21 11:40,ERJ,3,2,5
2026-02-22 15:30,ERJ,3,2,4
2026-02-23 15:30,ERJ,3,2,5
2026-02-23 15:35,ERJ,3,2,5
2026-02-24 11:35,"ERJ, A220, A321 Neo, A350",6,5,6
2026-02-24 11:40,"ERJ, A220, A321 Neo, A350",6,5,6
2026-02-24 11:45,"ERJ, A220, A321 Neo, 737, A350",6,5,6
2026-02-24 11:50,"ERJ, A220, A321 Neo, 737, A350",6,5,6
2026-03-01 09:35,ERJ,3,2,4
2026-03-01 09:40,ERJ,3,2,4
2026-03-01 09:45,ERJ,3,2,4
2026-03-01 09:50,ERJ,3,2,5
2026-03-04 07:25,"ERJ, A220, 737",6,5,6
2026-03-04 07:30,"ERJ, A220, A321 Neo, 737",6,5,6
2026-03-05 09:25,ERJ,3,2,3
2026-03-05 09:30,ERJ,3,2,3
2026-03-05 09:35,ERJ,4,2,5
2026-03-05 09:40,ERJ,4,2,5
2026-03-06 15:30,ERJ,4,2,6
2026-03-06 15:35,ERJ,3,2,5
2026-03-06 15:40,ERJ,3,2,4
2026-03-10 19:50,ERJ,3,2,4
2026-03-10 19:55,ERJ,3,2,4
2026-03-10 20:00,ERJ,3,2,4
2026-03-14 08:35,ERJ,3,2,3
2026-03-14 08:40,ERJ,3,2,3
2026-03-14 08:45,ERJ,3,2,3
2026-03-14 11:45,"A321 Neo, 737, A330, A350",6,5,6
2026-03-14 11:50,"A321 Neo, 737, A330, A350",6,5,6
2026-03-14 11:55,"A321 Neo, 737, A330, A350",7,5,7
2026-03-14 12:00,"A321 Neo, 737, A330, A350",6,5,6
2026-03-24 07:30,ERJ,3,2,4
2026-03-24 07:35,ERJ,3,2,5
2026-03-24 07:40,ERJ,3,2,4
2026-03-25 07:30,ERJ,3,2,5
2026-04-03 08:30,ERJ,3,2,3
2026-04-03 08:35,ERJ,3,2,3
2026-04-10 07:30,ERJ,3,2,4
2026-04-10 07:35,ERJ,3,2,3
2026-04-10 07:40,ERJ,3,2,3
2026-04-18 19:55,ERJ,3,2,3
2026-04-18 20:00,ERJ,3,2,3
2026-04-18 20:05,ERJ,3,2,3
2026-04-24 07:25,"ERJ, A321 Neo, 737",6,5,6
2026-04-24 07:30,"ERJ, A321 Neo, 737",6,5,6
2026-04-29 10:50,ERJ,3,2,4
2026-04-29 10:55,ERJ,3,2,4
2026-05-11 14:50,ERJ,3,2,3
2026-05-17 07:30,ERJ,3,2,6
2026-05-23 10:45,ERJ,3,2,3
2026-05-23 10:50,ERJ,3,2,3
2026-05-23 14:45,ERJ,3,2,3
2026-05-23 14:50,ERJ,3,2,3
2026-05-24 14:45,ERJ,3,2,3
2026-05-28 07:30,"ERJ, A220, A321 Neo, 737",6,5,6
2026-06-03 07:25,"ERJ, A321 Neo, 737",6,5,6
2026-06-03 07:30,"ERJ, A321 Neo, 737",7,5,7
2026-06-03 07:35,ERJ,3,2,6
2026-06-05 19:50,ERJ,3,2,3
2026-06-07 09:30,ERJ,3,2,5
2026-06-07 09:35,ERJ,3,2,5
2026-06-08 07:30,ERJ,3,2,6
2026-06-19 08:35,ERJ,3,2,3
2026-06-19 08:40,ERJ,3,2,3
2026-06-23 19:50,ERJ,3,2,3
2026-06-23 19:55,ERJ,3,2,3
2026-06-23 20:00,ERJ,3,2,3
2026-06-23 20:05,ERJ,3,2,3
2026-06-24 14:45,ERJ,3,2,4
2026-06-26 08:35,ERJ,3,2,4
2026-06-26 08:40,ERJ,3,2,4
2026-07-05 09:35,ERJ,3,2,4
2026-07-07 14:50,ERJ,3,2,4
2026-07-07 14:55,ERJ,3,2,4
2026-07-13 14:45,ERJ,3,2,4
2026-07-17 07:30,ERJ,3,2,5
2026-07-18 19:55,ERJ,3,2,3
2026-07-23 14:45,ERJ,3,2,3
2026-07-23 14:50,ERJ,3,2,3
2026-07-23 14:55,ERJ,3,2,3
2026-07-27 16:00,ERJ,3,2,3
2026-07-28 14:50,ERJ,3,2,4
2026-07-28 14:55,ERJ,3,2,4
2026-07-29 07:40,ERJ,3,2,4
2026-07-29 07:45,ERJ,3,2,4
2026-07-29 11:30,ERJ,3,2,4
2026-07-29 14:45,ERJ,3,2,3
2026-07-30 14:45,ERJ,3,2,3
2026-08-03 14:45,ERJ,3,2,4
2026-08-03 14:50,ERJ,3,2,5
2026-08-04 11:40,ERJ,3,2,5
2026-08-04 11:45,ERJ,3,2,5
2026-08-04 11:50,ERJ,3,2,5
2026-08-04 19:55,ERJ,3,2,3
2026-08-04 20:00,ERJ,3,2,3
2026-08-04 20:05,ERJ,3,2,3
2026-08-04 21:45,ERJ,3,2,4
2026-08-04 21:50,ERJ,3,2,4
2026-08-06 14:40,ERJ,3,2,3
2026-08-06 14:45,ERJ,4,2,4
2026-08-15 08:35,ERJ,3,2,3
2026-08-15 08:40,ERJ,3,2,3
2026-08-20 14:45,ERJ,3,2,3
2026-08-20 15:45,ERJ,3,2,4
2026-08-20 15:50,ERJ,3,2,4
2026-08-20 15:55,ERJ,3,2,4
2026-08-21 08:30,ERJ,3,2,4
2026-08-21 08:35,ERJ,3,2,4
2026-08-21 21:45,ERJ,3,2,5
2026-08-21 21:50,ERJ,3,2,4
2026-08-23 14:45,ERJ,3,2,4
2026-08-23 14:50,ERJ,3,2,3
2026-08-23 14:55,ERJ,3,2,3
2026-08-25 11:40,ERJ,3,2,4
2026-08-25 11:45,ERJ,3,2,4
2026-08-25 11:50,ERJ,3,2,4
2026-08-31 14:45,ERJ,3,2,4
