Gate,assignment,staged_model,departures,jobs,jobs_per_day,jobs_by_staged_tractor,share_by_staged_tractor,to_pool_aircraft_too_big,to_pool_tractor_busy,staged_tractor_busy_share,% ERJ,% A220,% A321 Neo,% 737,% 757,% 767,% A330,% A350,% NULL
A1,Staged,CHALLENGER 430,1644,1694,7.0,1674,99%,0,20,12.5%,,26%,2%,72%,,,,,
A2,Staged,GT-50H,1852,1917,7.9,1888,98%,0,29,14.2%,16%,17%,27%,40%,,,,,
A3,Staged,CHALLENGER 430,1548,1643,6.8,1447,88%,185,11,12.9%,12%,11%,16%,20%,13%,,12%,15%,1%
A4/A4A,Staged,GT-110,750,809,3.3,721,89%,81,7,6.5%,11%,10%,14%,19%,15%,,30%,,
A5,Staged,CHALLENGER 280E,1352,1416,5.8,1403,99%,0,13,10.7%,18%,14%,18%,30%,20%,,,,<1%
A6,Staged,CHALLENGER 280E,83,107,0.4,106,99%,0,1,1.0%,61%,1%,19%,18%,,,,,
A6A,Staged,CHALLENGER 280E,1050,1062,4.4,1049,99%,0,13,7.7%,99%,,,,,,,,1%
A7,Staged,CHALLENGER 280E,1071,1066,4.4,1058,99%,0,8,7.7%,99%,,,,,,,,1%
A11/A11A,Staged,CHALLENGER 280,1694,1773,7.3,1750,99%,0,23,13.6%,17%,17%,26%,34%,2%,,3%,,<1%
A12+A12A+A12B,Staged,CHALLENGER 280,2872,3031,12.5,2440,81%,101,490,19.2%,18%,16%,27%,32%,<1%,,3%,3%,<1%
A13/A13A,Staged,CHALLENGER 280,1543,1679,6.9,1601,95%,41,37,12.9%,14%,13%,14%,26%,25%,,5%,2%,<1%
A14,Staged,AP-8950SDB-AL,1501,1598,6.6,1580,99%,0,18,12.3%,23%,18%,26%,32%,,,,,<1%
B1,Staged,AP-8950,1746,1800,7.4,1769,98%,0,31,13.3%,22%,16%,22%,31%,10%,,,,<1%
B3,Staged,CHALLENGER 150,1945,2002,8.2,1963,98%,0,39,14.7%,28%,16%,24%,32%,,,,,<1%
B4,Staged,AP-8850SDA-AL-100/50,1988,1994,8.2,1962,98%,0,32,14.4%,99%,,,,,,,,1%
B5,Staged,CHALLENGER 150E,1896,1950,8.0,1897,97%,0,53,14.2%,44%,28%,1%,27%,,,,,<1%
B5A,Staged,AP-8850SDA-AL-100/50,2087,2084,8.6,2038,98%,0,46,14.8%,99%,,,,,,,,1%
B6,Staged,GT-50H,1798,1848,7.6,1814,98%,0,34,13.6%,32%,18%,20%,30%,,,,,<1%
B7/B7A/B7B,Staged,CHALLENGER 150,1962,2022,8.3,1976,98%,0,46,14.8%,27%,18%,24%,31%,,,,,<1%
B8,Staged,AP-8950SDB-AL,1615,1643,6.8,1619,99%,0,24,12.0%,39%,30%,1%,30%,,,,,1%
A8/A8A,Pool,,872,910,3.7,,,,,,26%,16%,23%,30%,3%,1%,<1%,,1%
A9,Pool,,370,400,1.6,,,,,,3%,28%,30%,32%,7%,,,,
A10/A10A,Pool,,864,924,3.8,,,,,,12%,11%,17%,17%,12%,<1%,11%,18%,<1%
A20,Pool,,1,2,0.0,,,,,,100%,,,,,,,,
A21,Pool,,1,2,0.0,,,,,,100%,,,,,,,,
B14,Pool,,48,47,0.2,,,,,,67%,21%,,10%,,,,,2%
S1/S1B,Pool,,382,423,1.7,,,,,,57%,8%,4%,10%,,,21%,,1%
S2,Pool,,296,307,1.3,,,,,,71%,8%,9%,12%,,,,,1%
S3/S3A,Pool,,217,224,0.9,,,,,,70%,11%,7%,12%,,,,,<1%
S4/S4A,Pool,,206,217,0.9,,,,,,60%,12%,10%,17%,<1%,,1%,,
S5,Pool,,61,65,0.3,,,,,,52%,5%,25%,18%,,,,,
S6/S6A,Pool,,336,342,1.4,,,,,,57%,13%,11%,18%,,,,,1%
S7/S7A,Pool,,664,710,2.9,,,,,,38%,16%,16%,23%,<1%,,7%,,<1%
S8/S8A,Pool,,211,220,0.9,,,,,,60%,12%,11%,15%,<1%,<1%,1%,,
S9/S9A/S9B,Pool,,305,332,1.4,,,,,,41%,10%,16%,12%,1%,<1%,11%,9%,
S10/S10A,Pool,,143,153,0.6,,,,,,33%,8%,15%,8%,1%,,20%,14%,
S11,Pool,,146,156,0.6,,,,,,25%,6%,5%,5%,1%,1%,21%,36%,1%
S12,Pool,,170,174,0.7,,,,,,18%,4%,4%,8%,1%,1%,19%,45%,1%
S15,Pool,,160,165,0.7,,,,,,16%,2%,3%,7%,1%,1%,21%,49%,1%
S16,Pool,,132,137,0.6,,,,,,8%,4%,3%,8%,,,14%,64%,
