Gate,staged_model,jobs,jobs_per_day,jobs_by_staged_tractor,share_by_staged_tractor,to_pool_aircraft_too_big,to_pool_tractor_busy,staged_tractor_busy_share
B7B,CHALLENGER 150,556,2.3,553,99%,0,3,4.2%
B5A,AP-8850SDA-AL-100/50,2084,8.6,2038,98%,0,46,14.8%
B5,CHALLENGER 150,1950,8.0,1897,97%,0,53,14.2%
B3,CHALLENGER 150E,2002,8.2,1963,98%,0,39,14.7%
B1,AP-8950,1800,7.4,1769,98%,0,31,13.3%
A1,GT-110,1694,7.0,1674,99%,0,20,12.5%
A2,GT-50H,1917,7.9,1888,98%,0,29,14.2%
A3,CHALLENGER 430,1643,6.8,1447,88%,185,11,12.9%
A4,CHALLENGER 280,722,3.0,715,99%,0,7,6.6%
A5,AP-8950,1416,5.8,1403,99%,0,13,10.7%
A6,GT-50H,107,0.4,106,99%,0,1,1.0%
A11,CHALLENGER 280,1478,6.1,1463,99%,0,15,11.5%
A12A,AP-8850SDA-AL-100/50,259,1.1,259,100%,0,0,1.9%
A12B,AP-8950SDB-AL,266,1.1,266,100%,0,0,2.0%
A13,CHALLENGER 430,1464,6.0,1431,98%,4,29,11.8%
A14,AP-8950SDB-AL,1598,6.6,1580,99%,0,18,12.3%
