concourse,class,peak_jobs,peak_at,median_daily_peak,p95_daily_peak
A,All jobs,11,2026-04-20 07:25,8,10
A,ERJ,5,2026-01-12 19:45,3,4
A,"Narrowbody (A220, A321 Neo, 737)",9,2026-04-20 07:25,6,8
A,757 and widebody,3,2026-01-01 15:30,2,3
A,"Widebody (767, A330, A350)",2,2026-01-01 15:30,2,2
A,A330 and A350,2,2026-01-01 15:30,1,2
A,A350,2,2026-04-07 16:00,1,2
B,All jobs,9,2026-01-15 15:35,6,8
B,ERJ,6,2026-01-20 15:30,4,5
B,"Narrowbody (A220, A321 Neo, 737)",6,2026-04-07 11:55,4,5
B,757 and widebody,1,2026-01-02 15:25,1,1
B,"Widebody (767, A330, A350)",0,,0,0
B,A330 and A350,0,,0,0
B,A350,0,,0,0
S,All jobs,5,2026-01-24 15:30,3,4
S,ERJ,4,2026-01-22 15:25,2,3
S,"Narrowbody (A220, A321 Neo, 737)",4,2026-01-15 07:15,1,3
S,757 and widebody,2,2026-01-06 10:40,1,2
S,"Widebody (767, A330, A350)",2,2026-01-06 10:40,1,2
S,A330 and A350,2,2026-01-06 10:40,1,2
S,A350,2,2026-07-17 16:30,1,1
