gse_type	model_name	asset_number	short_name	compatible_planes
AIRCRAFT TOW TRACTOR	AP-8850SDA-AL-100/50	R0270911	Small Lektro	EA4; EMW; ES4; ES5
AIRCRAFT TOW TRACTOR	AP-8850SDA-AL-100/50	R0270912	Small Lektro	EA4; EMW; ES4; ES5
AIRCRAFT TOW TRACTOR	AP-8950	R0271417	Big Lektro	EA4; EMW; ES4; ES5; 221; 223; 319; 321; 738; 739; 73J; 73R; 3N1; 3NE; 3NP; 75D; 75G; 75H; 75S; 75Y
AIRCRAFT TOW TRACTOR	AP-8950	R0271418	Big Lektro	EA4; EMW; ES4; ES5; 221; 223; 319; 321; 738; 739; 73J; 73R; 3N1; 3NE; 3NP; 75D; 75G; 75H; 75S; 75Y
AIRCRAFT TOW TRACTOR	AP-8950SDB-AL	R0271001	Big Lektro	EA4; EMW; ES4; ES5; 221; 223; 319; 321; 738; 739; 73J; 73R; 3N1; 3NE; 3NP; 75D; 75G; 75H; 75S; 75Y
AIRCRAFT TOW TRACTOR	AP-8950SDB-AL	R0271002	Big Lektro	EA4; EMW; ES4; ES5; 221; 223; 319; 321; 738; 739; 73J; 73R; 3N1; 3NE; 3NP; 75D; 75G; 75H; 75S; 75Y
AIRCRAFT TOW TRACTOR	CHALLENGER 150	R0270909	C150	EA4; EMW; ES4; ES5; 221; 223; 319; 321; 738; 739; 73J; 73R; 3N1; 3NE; 3NP
AIRCRAFT TOW TRACTOR	CHALLENGER 150	R0270987	C150	EA4; EMW; ES4; ES5; 221; 223; 319; 321; 738; 739; 73J; 73R; 3N1; 3NE; 3NP
AIRCRAFT TOW TRACTOR	CHALLENGER 150E	R0271346	C150E	EA4; EMW; ES4; ES5; 221; 223; 319; 321; 738; 739; 73J; 73R; 3N1; 3NE; 3NP
AIRCRAFT TOW TRACTOR	CHALLENGER 280	R0270979	C280	EA4; EMW; ES4; ES5; 221; 223; 319; 321; 738; 739; 73J; 73R; 3N1; 3NE; 3NP; 75D; 75G; 75H; 75S; 75Y; 764; 76K; 76L; 332; 333; 339
AIRCRAFT TOW TRACTOR	CHALLENGER 280	R0270991	C280	EA4; EMW; ES4; ES5; 221; 223; 319; 321; 738; 739; 73J; 73R; 3N1; 3NE; 3NP; 75D; 75G; 75H; 75S; 75Y; 764; 76K; 76L; 332; 333; 339
AIRCRAFT TOW TRACTOR	CHALLENGER 280	R0271111	C280	EA4; EMW; ES4; ES5; 221; 223; 319; 321; 738; 739; 73J; 73R; 3N1; 3NE; 3NP; 75D; 75G; 75H; 75S; 75Y; 764; 76K; 76L; 332; 333; 339
AIRCRAFT TOW TRACTOR	CHALLENGER 280	R0271141	C280	EA4; EMW; ES4; ES5; 221; 223; 319; 321; 738; 739; 73J; 73R; 3N1; 3NE; 3NP; 75D; 75G; 75H; 75S; 75Y; 764; 76K; 76L; 332; 333; 339
AIRCRAFT TOW TRACTOR	CHALLENGER 280E	R0271352	C280E	EA4; EMW; ES4; ES5; 221; 223; 319; 321; 738; 739; 73J; 73R; 3N1; 3NE; 3NP; 75D; 75G; 75H; 75S; 75Y; 764; 76K; 76L
AIRCRAFT TOW TRACTOR	CHALLENGER 280E	R0271353	C280E	EA4; EMW; ES4; ES5; 221; 223; 319; 321; 738; 739; 73J; 73R; 3N1; 3NE; 3NP; 75D; 75G; 75H; 75S; 75Y; 764; 76K; 76L
AIRCRAFT TOW TRACTOR	CHALLENGER 280E	R0271378	C280E	EA4; EMW; ES4; ES5; 221; 223; 319; 321; 738; 739; 73J; 73R; 3N1; 3NE; 3NP; 75D; 75G; 75H; 75S; 75Y; 764; 76K; 76L
AIRCRAFT TOW TRACTOR	CHALLENGER 280E	R0271379	C280E	EA4; EMW; ES4; ES5; 221; 223; 319; 321; 738; 739; 73J; 73R; 3N1; 3NE; 3NP; 75D; 75G; 75H; 75S; 75Y; 764; 76K; 76L
AIRCRAFT TOW TRACTOR	CHALLENGER 430	R0271370	C430	221; 223; 319; 321; 738; 739; 73J; 73R; 3N1; 3NE; 3NP; 75D; 75G; 75H; 75S; 75Y; 764; 76K; 76L; 332; 333; 339; 359; 35H; 35J; 35M
AIRCRAFT TOW TRACTOR	CHALLENGER 430	R0271371	C430	221; 223; 319; 321; 738; 739; 73J; 73R; 3N1; 3NE; 3NP; 75D; 75G; 75H; 75S; 75Y; 764; 76K; 76L; 332; 333; 339; 359; 35H; 35J; 35M
AIRCRAFT TOW TRACTOR	GT-110	L0027319	GT-110	221; 223; 319; 321; 738; 739; 73J; 73R; 3N1; 3NE; 3NP; 75D; 75G; 75H; 75S; 75Y; 764; 76K; 76L; 332; 333; 339; 359; 35H; 35J; 35M
AIRCRAFT TOW TRACTOR	GT-110	L0027354	GT-110	221; 223; 319; 321; 738; 739; 73J; 73R; 3N1; 3NE; 3NP; 75D; 75G; 75H; 75S; 75Y; 764; 76K; 76L; 332; 333; 339; 359; 35H; 35J; 35M
AIRCRAFT TOW TRACTOR	GT-110	R0270342	GT-110	221; 223; 319; 321; 738; 739; 73J; 73R; 3N1; 3NE; 3NP; 75D; 75G; 75H; 75S; 75Y; 764; 76K; 76L; 332; 333; 339; 359; 35H; 35J; 35M
AIRCRAFT TOW TRACTOR	GT-110	R0270500	GT-110	221; 223; 319; 321; 738; 739; 73J; 73R; 3N1; 3NE; 3NP; 75D; 75G; 75H; 75S; 75Y; 764; 76K; 76L; 332; 333; 339; 359; 35H; 35J; 35M
AIRCRAFT TOW TRACTOR	GT-50H	L0027359	GT-50	EA4; EMW; ES4; ES5; 221; 223; 319; 321; 738; 739; 73J; 73R; 3N1; 3NE; 3NP
AIRCRAFT TOW TRACTOR	GT-50H	R0270524	GT-50	EA4; EMW; ES4; ES5; 221; 223; 319; 321; 738; 739; 73J; 73R; 3N1; 3NE; 3NP
